datadate,turbulence
20090102,0.0
20090105,0.0
20090106,0.0
20090107,0.0
20090108,0.0
20090109,0.0
20090112,0.0
20090113,0.0
20090114,0.0
20090115,0.0
20090116,0.0
20090120,0.0
20090121,0.0
20090122,0.0
20090123,0.0
20090126,0.0
20090127,0.0
20090128,0.0
20090129,0.0
20090130,0.0
20090202,0.0
20090203,0.0
20090204,0.0
20090205,0.0
20090206,0.0
20090209,0.0
20090210,0.0
20090211,0.0
20090212,0.0
20090213,0.0
20090217,0.0
20090218,0.0
20090219,0.0
20090220,0.0
20090223,0.0
20090224,0.0
20090225,0.0
20090226,0.0
20090227,0.0
20090302,0.0
20090303,0.0
20090304,0.0
20090305,0.0
20090306,0.0
20090309,0.0
20090310,0.0
20090311,0.0
20090312,0.0
20090313,0.0
20090316,0.0
20090317,0.0
20090318,0.0
20090319,0.0
20090320,0.0
20090323,0.0
20090324,0.0
20090325,0.0
20090326,0.0
20090327,0.0
20090330,0.0
20090331,0.0
20090401,0.0
20090402,0.0
20090403,0.0
20090406,0.0
20090407,0.0
20090408,0.0
20090409,0.0
20090413,0.0
20090414,0.0
20090415,0.0
20090416,0.0
20090417,0.0
20090420,0.0
20090421,0.0
20090422,0.0
20090423,0.0
20090424,0.0
20090427,0.0
20090428,0.0
20090429,0.0
20090430,0.0
20090501,0.0
20090504,0.0
20090505,0.0
20090506,0.0
20090507,0.0
20090508,0.0
20090511,0.0
20090512,0.0
20090513,0.0
20090514,0.0
20090515,0.0
20090518,0.0
20090519,0.0
20090520,0.0
20090521,0.0
20090522,0.0
20090526,0.0
20090527,0.0
20090528,0.0
20090529,0.0
20090601,0.0
20090602,0.0
20090603,0.0
20090604,0.0
20090605,0.0
20090608,0.0
20090609,0.0
20090610,0.0
20090611,0.0
20090612,0.0
20090615,0.0
20090616,0.0
20090617,0.0
20090618,0.0
20090619,0.0
20090622,0.0
20090623,0.0
20090624,0.0
20090625,0.0
20090626,0.0
20090629,0.0
20090630,0.0
20090701,0.0
20090702,0.0
20090706,0.0
20090707,0.0
20090708,0.0
20090709,0.0
20090710,0.0
20090713,0.0
20090714,0.0
20090715,0.0
20090716,0.0
20090717,0.0
20090720,0.0
20090721,0.0
20090722,0.0
20090723,0.0
20090724,0.0
20090727,0.0
20090728,0.0
20090729,0.0
20090730,0.0
20090731,0.0
20090803,0.0
20090804,0.0
20090805,0.0
20090806,0.0
20090807,0.0
20090810,0.0
20090811,0.0
20090812,0.0
20090813,0.0
20090814,0.0
20090817,0.0
20090818,0.0
20090819,0.0
20090820,0.0
20090821,0.0
20090824,0.0
20090825,0.0
20090826,0.0
20090827,0.0
20090828,0.0
20090831,0.0
20090901,0.0
20090902,0.0
20090903,0.0
20090904,0.0
20090908,0.0
20090909,0.0
20090910,0.0
20090911,0.0
20090914,0.0
20090915,0.0
20090916,0.0
20090917,0.0
20090918,0.0
20090921,0.0
20090922,0.0
20090923,0.0
20090924,0.0
20090925,0.0
20090928,0.0
20090929,0.0
20090930,0.0
20091001,0.0
20091002,0.0
20091005,0.0
20091006,0.0
20091007,0.0
20091008,0.0
20091009,0.0
20091012,0.0
20091013,0.0
20091014,0.0
20091015,0.0
20091016,0.0
20091019,0.0
20091020,0.0
20091021,0.0
20091022,0.0
20091023,0.0
20091026,0.0
20091027,0.0
20091028,0.0
20091029,0.0
20091030,0.0
20091102,0.0
20091103,0.0
20091104,0.0
20091105,0.0
20091106,0.0
20091109,0.0
20091110,0.0
20091111,0.0
20091112,0.0
20091113,0.0
20091116,0.0
20091117,0.0
20091118,0.0
20091119,0.0
20091120,0.0
20091123,0.0
20091124,0.0
20091125,0.0
20091127,0.0
20091130,0.0
20091201,0.0
20091202,0.0
20091203,0.0
20091204,0.0
20091207,0.0
20091208,0.0
20091209,0.0
20091210,0.0
20091211,0.0
20091214,0.0
20091215,0.0
20091216,0.0
20091217,0.0
20091218,0.0
20091221,0.0
20091222,0.0
20091223,0.0
20091224,0.0
20091228,0.0
20091229,0.0
20091230,0.0
20091231,0.0
20100104,0.0
20100105,0.0
20100106,74.3913739690486
20100107,70.05211801698117
20100108,57.36702879504541
20100111,61.61254125602672
20100112,57.50321533748778
20100113,41.41219607354969
20100114,52.59970416144954
20100115,49.97822564442667
20100119,53.22867869840807
20100120,47.67074904529574
20100121,51.920303500248956
20100122,45.77739735821525
20100125,47.69177695944704
20100126,50.56525823154345
20100127,97.1480805866638
20100128,78.58236433022843
20100129,50.33948761875842
20100201,44.890267491760255
20100202,46.3351825551301
20100203,49.50781579655387
20100204,53.590542358624354
20100205,56.549525036755504
20100208,60.02174848882492
20100209,48.29033490277975
20100210,37.87673631778487
20100211,42.32665037725086
20100212,51.42000822147489
20100216,51.89063637739973
20100217,48.0725328914099
20100218,53.99213987093097
20100219,36.776881999942226
20100222,39.28477272657557
20100223,39.51636582640329
20100224,40.4717733370469
20100225,52.75768068962151
20100226,56.739906405926206
20100301,57.9367891653761
20100302,40.6705970422438
20100303,36.34403068451047
20100304,39.698158071532696
20100305,52.58860561387454
20100308,66.53630924035572
20100309,68.12168909350211
20100310,62.56082176121944
20100311,55.02723389111864
20100312,52.820979217497474
20100315,42.38690627381952
20100316,39.347406863012026
20100317,36.61939432042651
20100318,49.94769588605358
20100319,45.78705196541589
20100322,37.6389956375365
20100323,43.65811142684557
20100324,42.29207882563868
20100325,44.65389701582786
20100326,44.75020392625237
20100329,44.35901136068157
20100330,50.67432805784152
20100331,49.60603654963829
20100401,64.38284084909051
20100405,51.2455093596493
20100406,46.42494842683252
20100407,40.66024332262953
20100408,48.89837698791453
20100409,46.95087257076286
20100412,56.6339779794385
20100413,62.8366932799641
20100414,67.66420820278772
20100415,73.61924101962994
20100416,113.0576400144364
20100419,77.02092627558595
20100420,73.56483911357606
20100421,82.99017305504984
20100422,86.95009794893231
20100423,83.68340159796966
20100426,72.38908716726313
20100427,62.99315693121479
20100428,45.02037026865044
20100429,50.192497701110106
20100430,54.225957663383426
20100503,52.730620004644365
20100504,56.50513690235042
20100505,61.55979149022665
20100506,52.72841182520211
20100507,45.8824856638627
20100510,49.17201040275418
20100511,50.72811868917392
20100512,56.32884996822097
20100513,54.435185694495296
20100514,89.86251863966402
20100517,89.70283309280278
20100518,109.97108363699759
20100519,64.1174172713189
20100520,57.96623162979872
20100521,62.220847014676345
20100524,50.90742287615285
20100525,60.77946791177512
20100526,80.65654292503322
20100527,94.51037679441082
20100528,91.42829427617764
20100601,79.41540143177106
20100602,77.08304301867422
20100603,65.98657237757865
20100604,60.023890458528115
20100607,57.91909057107911
20100608,50.36413671371646
20100609,45.875501190524254
20100610,57.52701350103479
20100611,54.95404486134634
20100614,49.32788749167737
20100615,51.76119471015117
20100616,62.06289071691386
20100617,58.704818753018465
20100618,49.46986478974111
20100621,52.63236851554522
20100622,62.02792758312478
20100623,66.91103093830962
20100624,76.25683493124772
20100625,93.7117106325136
20100628,68.62867147479321
20100629,63.65298798339692
20100630,63.14606486264873
20100701,60.682847149988454
20100702,47.99816426335604
20100706,39.29617589571967
20100707,42.266923946899006
20100708,44.2889866784333
20100709,45.46498715236129
20100712,49.806730202830245
20100713,83.94901894949484
20100714,76.92766865651149
20100715,76.91338144595349
20100716,59.396379608938105
20100719,69.77961494416971
20100720,66.65310278625158
20100721,76.50679315762892
20100722,79.14977339631048
20100723,73.5417424579548
20100726,64.19944313238865
20100727,45.960527416814614
20100728,45.736404436303815
20100729,55.486073156558504
20100730,47.94870345390912
20100802,45.789466919574146
20100803,85.14663553468823
20100804,103.61140064535992
20100805,85.16205484865435
20100806,72.11308982473305
20100809,82.71507182219487
20100810,79.49985097115433
20100811,60.16875722592519
20100812,73.67668441609806
20100813,62.78802021043212
20100816,45.477067976703566
20100817,51.41510928569858
20100818,43.71844270956009
20100819,53.00437358074256
20100820,51.880959403788566
20100823,41.939466470882735
20100824,41.45481749967824
20100825,45.04454783478532
20100826,43.605199667846
20100827,41.97502925657728
20100830,33.54797672755161
20100831,38.871905110871054
20100901,45.972852878069325
20100902,48.32529066179886
20100903,44.47092968084826
20100907,48.37782342197814
20100908,55.27542658338538
20100909,46.32393672003735
20100910,45.720808450463046
20100913,47.00804672980402
20100914,41.13191596462053
20100915,44.03746799211944
20100916,46.27070848749776
20100917,39.976514725781
20100920,44.78005774774326
20100921,44.563198581479355
20100922,57.27121053539458
20100923,66.96346623580803
20100924,67.74509872136116
20100927,65.5329358736609
20100928,75.58962359173645
20100929,68.70783917980194
20100930,53.556176478149155
20101001,49.3515374787504
20101004,53.62307334820717
20101005,78.38546068949428
20101006,74.37391467394296
20101007,61.09216500405818
20101008,56.37075495514416
20101011,51.56076521134465
20101012,45.411690621083146
20101013,44.45083713360108
20101014,46.51906393879567
20101015,63.15447618547029
20101018,62.533332765930865
20101019,48.326169687915275
20101020,49.57594050337307
20101021,51.503629824079674
20101022,47.40294748088215
20101025,57.86210276553083
20101026,46.63861370269945
20101027,38.42689575662703
20101028,59.073678294643315
20101029,55.98222873995537
20101101,63.99495711345021
20101102,54.78280014777658
20101103,44.79397189794116
20101104,43.33134214765775
20101105,47.316803082896854
20101108,48.313813295212185
20101109,52.54906488095309
20101110,46.335913130584224
20101111,158.23844086639897
20101112,155.26086977525634
20101115,114.5360879675549
20101116,101.11212288228049
20101117,86.81112917708185
20101118,70.50543116279546
20101119,81.87321203553307
20101122,71.57353007215265
20101123,66.8062259769885
20101124,68.03033888988344
20101126,59.39525150078283
20101129,53.94377601510885
20101130,68.94076264360092
20101201,76.07480050985572
20101202,72.39100379549312
20101203,67.13172056113562
20101206,50.90257926236127
20101207,55.23269111152453
20101208,52.29093510046
20101209,58.59860728876972
20101210,59.955325417544145
20101213,59.5238914053815
20101214,54.804939205539895
20101215,56.316988522097176
20101216,72.9418801491007
20101217,64.35877797168585
20101220,64.15801924418795
20101221,66.88162797338435
20101222,72.4809760563648
20101223,66.9362350213224
20101227,55.81606061644462
20101228,45.852535973893296
20101229,45.406510693890894
20101230,39.738006774231245
20101231,39.34517452350483
20110103,40.80338196741437
20110104,70.11706597001785
20110105,77.17196539145151
20110106,77.23116887086904
20110107,77.2480834948482
20110110,75.46866425601671
20110111,61.03749716578347
20110112,66.89467635214025
20110113,78.59528551271046
20110114,77.16791872960316
20110118,90.52268059212321
20110119,85.73476205804633
20110120,87.97270296427936
20110121,80.83951051310635
20110124,86.79522010926416
20110125,90.03896080329191
20110126,77.751561802992
20110127,75.94372607482526
20110128,59.56483545658672
20110131,65.44364052431295
20110201,75.54150685634053
20110202,65.84970811721303
20110203,64.6439487493994
20110204,57.477594508248536
20110207,49.92455433025323
20110208,40.948176907142674
20110209,61.604932109653646
20110210,72.75787479848655
20110211,69.80608745173413
20110214,73.25834099404652
20110215,67.80605381832925
20110216,69.41653925365068
20110217,67.22532616389066
20110218,62.6887501979905
20110222,75.35251202928255
20110223,82.01756204536828
20110224,75.91583393147063
20110225,77.39033319863164
20110228,72.4911625469974
20110301,71.69068648954487
20110302,73.48908462967783
20110303,61.259850272004655
20110304,58.23103600459668
20110307,50.03252989565707
20110308,44.32247307614857
20110309,39.03302827928982
20110310,36.97108771386765
20110311,33.11597265711571
20110314,34.601612674630196
20110315,44.49445452721569
20110316,51.76744710234431
20110317,54.92698679025446
20110318,87.65927510334404
20110321,89.93376782577542
20110322,90.94914765316835
20110323,66.31357422325067
20110324,64.30447933691481
20110325,65.29659485711899
20110328,65.15614110112611
20110329,62.184425518371285
20110330,56.72375301362793
20110331,59.80779252484954
20110401,58.70948839026452
20110404,53.477679163096745
20110405,49.11344125659899
20110406,44.56742804546978
20110407,41.537076377670346
20110408,42.469677962420505
20110411,37.66190745399922
20110412,34.43768092881371
20110413,35.4779929187618
20110414,39.04507025333285
20110415,43.52943834563349
20110418,51.47322051073811
20110419,51.08752361933544
20110420,51.12981779716075
20110421,57.02408311061117
20110425,51.93615818150454
20110426,48.059186731986216
20110427,47.4612340839682
20110428,53.05908388122072
20110429,56.77674185879209
20110502,55.38006290347231
20110503,58.206681914809245
20110504,54.20985261447605
20110505,55.28578108047962
20110506,48.11033523637002
20110509,41.585419538620656
20110510,44.662603135155976
20110511,62.99091033775208
20110512,73.52641478061399
20110513,70.14280900832675
20110516,79.51120503508189
20110517,91.99722732472954
20110518,71.23779467049229
20110519,63.937931969324175
20110520,56.91948928775616
20110523,57.41241096819316
20110524,51.99029308638997
20110525,46.620232259609224
20110526,40.54392771398983
20110527,43.07122403105544
20110531,49.690741911037605
20110601,48.07958858124663
20110602,46.06614452627903
20110603,43.839832626863654
20110606,35.83836478485188
20110607,34.703575568443014
20110608,34.04298783560599
20110609,31.85496305778573
20110610,33.94912484841681
20110613,39.807152921970015
20110614,37.98969667970787
20110615,36.428893491120334
20110616,41.706497778463394
20110617,43.87417920194591
20110620,48.955685965445284
20110621,37.884323014699575
20110622,37.865299725075374
20110623,41.93750586655722
20110624,39.32924193953754
20110627,39.93706904130136
20110628,77.618100840409
20110629,73.64065900753165
20110630,57.81346681594101
20110701,67.05797445383065
20110705,56.939314819556714
20110706,60.69309764730172
20110707,55.39293501000829
20110708,51.11261345706798
20110711,48.07894878904581
20110712,47.928490870731295
20110713,51.80405965486571
20110714,46.90576810543347
20110715,49.98298300717286
20110718,60.899256073803656
20110719,73.88924498177369
20110720,62.503007137773324
20110721,66.1378787204396
20110722,84.65558639620423
20110725,74.60265925419621
20110726,87.4240635418208
20110727,78.64826942109573
20110728,87.94709715223307
20110729,79.96555617771611
20110801,88.0131851257423
20110802,95.08322298065066
20110803,87.36740524797945
20110804,85.032921338696
20110805,76.96471596677372
20110808,76.45704971996409
20110809,90.6144993655224
20110810,111.1021323144377
20110811,107.45684789963474
20110812,75.26573646773447
20110815,68.10523637118536
20110816,66.08044869050458
20110817,79.0146183199817
20110818,76.4878393006929
20110819,77.44942385586927
20110822,69.94467937752935
20110823,86.38400868183489
20110824,85.50764158465077
20110825,73.41011088300705
20110826,66.20448082168191
20110829,54.18168426337505
20110830,51.19783545211173
20110831,52.800683320880864
20110901,51.78284482417597
20110902,48.75029889051362
20110906,54.23473646192746
20110907,58.24611072980892
20110908,72.33251131600373
20110909,75.38814969931595
20110912,64.61227818668289
20110913,76.64769693287153
20110914,64.38795941301282
20110915,65.34581448101426
20110916,69.80694872943194
20110919,69.19981114786312
20110920,80.01220272205106
20110921,109.92331548021096
20110922,79.4153550160946
20110923,81.38183626313926
20110926,67.20822027709593
20110927,63.48053640293069
20110928,73.36377780698402
20110929,83.09700449685707
20110930,57.282214306460936
20111003,72.63468103445129
20111004,62.57850958539258
20111005,66.38164089952363
20111006,70.59753239408633
20111007,73.92073527823958
20111010,69.19486893882389
20111011,49.35020840869478
20111012,52.446361001019184
20111013,49.39039380523717
20111014,55.21571370653607
20111017,44.73960684232106
20111018,60.065155164681904
20111019,61.4970080234185
20111020,54.68815302415222
20111021,65.08553438952003
20111024,57.899171282359895
20111025,68.23496489519586
20111026,82.02704089892485
20111027,70.72351872572875
20111028,73.74843652635532
20111031,59.44230693494414
20111101,58.49013371145172
20111102,59.3458659640886
20111103,61.00468676496602
20111104,57.38921163799002
20111107,61.43766628775115
20111108,49.75789197538553
20111109,37.66996227812917
20111110,43.96178731411353
20111111,57.616915199414386
20111114,62.53266873882037
20111115,77.04943908392144
20111116,77.35966311887198
20111117,75.17363565312887
20111118,94.58645447433344
20111121,79.96577545398293
20111122,55.419297707909536
20111123,62.12042750063282
20111125,66.91179392132625
20111128,65.16932287095061
20111129,56.825572009126866
20111130,59.10677866340579
20111201,62.16107322841114
20111202,62.79772234773595
20111205,57.64415554672967
20111206,59.70209635819416
20111207,62.4058497757507
20111208,56.830458897233115
20111209,56.86382712212571
20111212,60.18132701272393
20111213,56.61924487156313
20111214,60.62158883293772
20111215,63.28159721694232
20111216,60.72025940588726
20111219,60.9196301030017
20111220,58.820584091119564
20111221,69.85398184513194
20111222,68.71625835868733
20111223,70.16112368561197
20111227,65.28257742401456
20111228,56.71125374305068
20111229,59.86099604477502
20111230,57.53190045383585
20120103,49.282548958650274
20120104,51.91118231927413
20120105,62.076139819873895
20120106,70.66827625183367
20120109,61.912547046908344
20120110,54.84980134209041
20120111,56.81671244780683
20120112,74.72726559510792
20120113,63.68692193222518
20120117,60.725498570848465
20120118,66.30918372873678
20120119,62.22269966890954
20120120,67.14922384077632
20120123,67.80347262801149
20120124,64.14397959819053
20120125,61.006714227918025
20120126,70.22587962628207
20120127,72.55637035062783
20120130,74.14394379388577
20120131,57.168589571863926
20120201,60.65272681800433
20120202,51.68507947911993
20120203,52.73830423412862
20120206,45.242981078885144
20120207,44.49531590744529
20120208,47.741142946735536
20120209,71.13333778130203
20120210,76.54578100266477
20120213,90.00822735494127
20120214,91.86697003732941
20120215,62.75308804719555
20120216,52.53852725854969
20120217,49.84593916659808
20120221,64.38418951907651
20120222,73.05729368675463
20120223,68.34934380410687
20120224,71.02028219840916
20120227,62.14306938447702
20120228,67.52173325985632
20120229,72.99502428909557
20120301,69.53408659331947
20120302,66.28838188043204
20120305,55.652588876579244
20120306,51.436195907173605
20120307,49.88090022031442
20120308,58.05503233314626
20120309,56.45373077466186
20120312,65.56050280078802
20120313,78.70611080265273
20120314,89.54289083018135
20120315,73.64845357574853
20120316,60.22291510025188
20120319,69.63224172783023
20120320,77.29703124353578
20120321,76.41800750602773
20120322,79.52172281529722
20120323,66.7141660751715
20120326,67.83193681290625
20120327,74.38810297091186
20120328,88.01169305413558
20120329,74.01604927071509
20120330,70.90314618776121
20120402,63.676258704288294
20120403,60.76907736549449
20120404,62.086576269694326
20120405,64.94920941199413
20120409,62.14294607089557
20120410,63.38225102581762
20120411,60.86915181120349
20120412,47.380974147944976
20120413,48.266526109460834
20120416,52.163004496380424
20120417,49.4756514966523
20120418,58.826692740210504
20120419,66.29924218809394
20120420,71.18665708558859
20120423,74.42179976632923
20120424,78.1465231887838
20120425,90.97816436666628
20120426,69.93304045990742
20120427,71.00011264954686
20120430,76.68717764833079
20120501,76.52440087343018
20120502,78.90162824517955
20120503,88.25412314142328
20120504,83.63816341497186
20120507,81.80447204300414
20120508,83.50542705554962
20120509,101.73783539680885
20120510,106.53921323545636
20120511,128.9558618320981
20120514,119.28718757746269
20120515,96.7087707410754
20120516,95.58696345704814
20120517,112.83143104648698
20120518,103.99383030127436
20120521,109.59451454035036
20120522,90.32977783176236
20120523,88.56852707749522
20120524,92.44063612271593
20120525,89.63002413128771
20120529,83.7671008940772
20120530,78.41501393533788
20120531,87.09867851218641
20120601,83.1134191203155
20120604,88.76164288556679
20120605,79.55485590765566
20120606,69.65775957191856
20120607,65.42394449284272
20120608,76.2225079179658
20120611,69.35811188355707
20120612,64.70275088026985
20120613,63.037700682949655
20120614,78.61279374921111
20120615,67.6968875577138
20120618,73.47721738307959
20120619,62.60485066325289
20120620,73.78659393299898
20120621,71.52545933875
20120622,68.2974542673935
20120625,70.87036348278475
20120626,67.4449862851144
20120627,65.66561249419553
20120628,63.1746874709261
20120629,123.076789047028
20120702,116.72700795291685
20120703,114.17681777709407
20120705,101.09675098580708
20120706,96.14946762374771
20120709,98.61018806967964
20120710,94.36918215977951
20120711,83.95744807107694
20120712,100.80944592901145
20120713,89.89391544615411
20120716,97.40736245546783
20120717,88.30704667811844
20120718,68.3147804855734
20120719,78.04115156932859
20120720,74.3286975629727
20120723,65.28321448139636
20120724,70.16367307121854
20120725,74.35290846998919
20120726,113.5092173367078
20120727,114.53582783516745
20120730,96.35229140621969
20120731,84.60520621270506
20120801,68.50818032259764
20120802,65.2316711280821
20120803,65.80157451855739
20120806,61.37155745202158
20120807,52.67811717115903
20120808,55.89628406092019
20120809,53.42592202296125
20120810,53.37755226091346
20120813,51.74394848047918
20120814,55.983833150685435
20120815,53.19075061839934
20120816,64.21163503843907
20120817,69.20172474751257
20120820,67.0720299383574
20120821,58.76596461674193
20120822,72.6494193797672
20120823,86.95774083064337
20120824,84.12307761635589
20120827,86.19563473366414
20120828,77.69219512718256
20120829,76.47924012827788
20120830,74.64142235162606
20120831,67.20517719102581
20120904,72.71586908121101
20120905,60.51382837496651
20120906,53.39890518346269
20120907,60.88464811361498
20120910,84.21698573356707
20120911,79.82455593937718
20120912,85.92749181196258
20120913,82.53816120517561
20120914,89.83745345754181
20120917,78.16561298750382
20120918,67.13406107253303
20120919,69.15652820970024
20120920,62.46864597509479
20120921,65.58316407655246
20120924,62.783181042447865
20120925,67.68509986485239
20120926,55.14254466270037
20120927,53.224661398681285
20120928,60.26921013937586
20121001,63.94113832590848
20121002,55.87891882139207
20121003,64.0984966328232
20121004,62.74191960262568
20121005,71.56294415212244
20121008,66.40010753334975
20121009,62.68455762776003
20121010,56.72911988284632
20121011,59.73032382555253
20121012,66.49404704956889
20121015,72.07709339076494
20121016,63.10966555125876
20121017,60.56343163684308
20121018,66.26015855887673
20121019,76.07192388382089
20121022,64.71005934002616
20121023,69.2045968274065
20121024,65.03009996732857
20121025,63.868042908791466
20121026,54.78701288493795
20121031,66.09674917034673
20121101,73.13517604531259
20121102,72.66517383323897
20121105,65.84226732557087
20121106,70.99703993642797
20121107,78.51474225203981
20121108,80.03293553416556
20121109,93.31930038924331
20121112,85.01525375637205
20121113,92.5885759948846
20121114,70.44239630337394
20121115,82.94505851422622
20121116,90.764660850087
20121119,83.0919741340891
20121120,83.16292949194033
20121121,79.87885259370839
20121123,72.34301553976772
20121126,64.5268183717912
20121127,68.33641611807714
20121128,60.34051088172656
20121129,58.74541332738019
20121130,61.39180526570814
20121203,57.30307416634162
20121204,53.11502242353353
20121205,58.37612967165387
20121206,54.923275271806965
20121207,55.95771670675718
20121210,50.58755120815178
20121211,43.803553155970285
20121212,48.24844198538035
20121213,46.0282254647911
20121214,50.85809149687869
20121217,47.36003248305799
20121218,43.23147155797776
20121219,45.04302230210102
20121220,54.18039050445356
20121221,56.030500951503285
20121224,55.72099963995221
20121226,50.7018595083593
20121227,46.76562573767975
20121228,45.922045795868044
20121231,45.02613023307117
20130102,45.83002025613139
20130103,51.39614517047168
20130104,60.76696525101386
20130107,65.51404341274551
20130108,61.757613583154104
20130109,60.16151066535009
20130110,61.2406786295831
20130111,57.69126485331557
20130114,59.244403936101186
20130115,59.52089484205655
20130116,68.45584221816215
20130117,68.82707387851363
20130118,57.160791008735025
20130122,59.80654135066244
20130123,62.797343158341036
20130124,90.74678029840729
20130125,103.25003242938256
20130128,89.57704594687162
20130129,78.68510816351521
20130130,71.2816780392723
20130131,81.22639812731472
20130201,95.69045646554753
20130204,85.92414000501512
20130205,83.96274327568894
20130206,82.53280951300738
20130207,70.68234755457786
20130208,66.20005686712534
20130211,61.658617718377094
20130212,63.65912997416749
20130213,65.52216464755494
20130214,68.13905849040151
20130215,64.48636386248924
20130219,62.8435775906054
20130220,51.5420989383298
20130221,55.03636401926733
20130222,46.79424766031654
20130225,49.373982317991256
20130226,47.93081947109168
20130227,45.7283779104365
20130228,47.89090725171977
20130301,49.492682451196
20130304,57.441311472859994
20130305,56.721658397614185
20130306,58.85523596556842
20130307,59.813651582493364
20130308,61.200134278891795
20130311,55.79559215471757
20130312,60.92720041885167
20130313,60.2295284864892
20130314,60.89038702893205
20130315,58.05723118242766
20130318,53.5437785293675
20130319,54.23822824662496
20130320,50.9067229727785
20130321,47.44238905464711
20130322,62.909836030679074
20130325,58.03528428509723
20130326,59.3811656257063
20130327,51.267812062398825
20130328,52.56350610498264
20130401,51.30515003522348
20130402,61.8762032101651
20130403,58.66217437766924
20130404,56.52052611571077
20130405,65.36187075662164
20130408,72.47408875854104
20130409,74.3699571405796
20130410,71.1983958277643
20130411,71.63239527634174
20130412,68.68755414466112
20130415,74.34594633730951
20130416,100.1962075166846
20130417,105.02167896935894
20130418,76.08951911235808
20130419,110.46099712653856
20130422,114.66220800714784
20130423,92.55561966714315
20130424,89.03375797888927
20130425,97.96965478892992
20130426,99.17375702835429
20130429,97.58748088626177
20130430,92.77562873107124
20130501,74.1282477915386
20130502,74.85187383822242
20130503,79.38546558359835
20130506,70.8831253549257
20130507,72.54356499168046
20130508,70.69636739535396
20130509,63.549004185156726
20130510,64.94994876158614
20130513,56.927149590739745
20130514,60.28619095023634
20130515,58.13173070252852
20130516,61.37150167279198
20130517,66.5280501164182
20130520,65.09855814106571
20130521,75.2534997647204
20130522,64.96828462913994
20130523,65.05219902823107
20130524,66.67064353688166
20130528,76.00090140131948
20130529,78.5315033626778
20130530,81.09438642174193
20130531,75.62313609222883
20130603,80.16030158817694
20130604,63.247808664594345
20130605,58.958629581997684
20130606,62.829242653192146
20130607,69.21319037910023
20130610,69.97915861307183
20130611,59.47445648271664
20130612,52.452604923642795
20130613,50.43641486441713
20130614,48.565311033024905
20130617,44.816867267553214
20130618,45.608088888240545
20130619,45.00983962075878
20130620,42.76715420235404
20130621,52.00914718283285
20130624,47.352156814820006
20130625,42.80730253404669
20130626,48.12795723609892
20130627,53.6714040127019
20130628,54.20685208640965
20130701,49.625837012214824
20130702,46.12299839570416
20130703,47.535360569142284
20130705,53.933677400431975
20130708,54.55919062521652
20130709,59.5199227825334
20130710,49.34477223667632
20130711,47.556256609037035
20130712,52.604940836984795
20130715,44.333060708743524
20130716,43.861515493135606
20130717,36.40788625439232
20130718,58.73391367862271
20130719,84.29052680796195
20130722,77.30333055987295
20130723,95.32488655738779
20130724,84.96413313425106
20130725,82.53661438588013
20130726,71.89718234073369
20130729,72.13338331659608
20130730,68.30789359975142
20130731,83.68308261538344
20130801,83.18283662612552
20130802,77.14919152519218
20130805,73.46490019555013
20130806,72.27058890040175
20130807,67.75299712517536
20130808,65.65005757228175
20130809,64.0006625736068
20130812,60.6010891993344
20130813,75.42159601251909
20130814,60.98676381565479
20130815,58.756222877979965
20130816,58.42886594972889
20130819,71.90965566966095
20130820,66.38576569846924
20130821,61.72823370735966
20130822,60.51536247562343
20130823,66.41880898670529
20130826,66.98561595152583
20130827,54.04698482320432
20130828,64.5334459460731
20130829,61.146401879671856
20130830,52.99365485868439
20130903,56.42671570005528
20130904,57.201789329078025
20130905,61.951257307951785
20130906,57.47108380390061
20130909,54.66290118287582
20130910,55.49517502790773
20130911,52.30058764644775
20130912,52.77277766324914
20130913,54.89640540236103
20130916,55.11722687292592
20130917,58.69322735238128
20130918,54.72897798095218
20130919,72.3484298779257
20130920,71.87740531087977
20130923,85.28643291914489
20130924,83.72538622883994
20130925,68.84348586045184
20130926,72.96880869387806
20130927,93.88610787599808
20130930,80.98940913012495
20131001,80.22930120484425
20131002,82.99617389149165
20131003,78.18420185393506
20131004,78.37007611366404
20131007,69.87389622001481
20131008,56.49098009970889
20131009,61.474228720010366
20131010,66.08826710679098
20131011,59.308832705414716
20131014,69.03939561386184
20131015,71.94363119422681
20131016,82.65026648415137
20131017,102.93542602767876
20131018,132.23424823051613
20131021,128.29715937704563
20131022,127.84680618591062
20131023,140.03428299966663
20131024,126.33769511579466
20131025,132.8389212628464
20131028,134.62047749897317
20131029,117.91527012285212
20131030,108.66835712441728
20131031,103.0686760285232
20131101,110.22050057965342
20131104,118.1014557701377
20131105,107.95613097796681
20131106,96.816167334035
20131107,91.11771030850458
20131108,84.48949770924204
20131111,84.19427276965449
20131112,76.17084902381106
20131113,72.95030616029878
20131114,96.89945518155558
20131115,99.7743080122495
20131118,103.63427754850537
20131119,96.06913717088536
20131120,73.79882111558271
20131121,66.05810056775353
20131122,73.71544045017676
20131125,77.13437915744888
20131126,69.35306598250664
20131127,71.1601463478918
20131129,71.1379556509516
20131202,61.992418257886236
20131203,61.63973685481735
20131204,60.771755112821424
20131205,57.80071812381035
20131206,58.42214916093352
20131209,57.33440366373414
20131210,52.11574451692523
20131211,44.33392832136708
20131212,48.30237803503299
20131213,56.59796084261658
20131216,52.97889772087389
20131217,78.16643958354237
20131218,99.52059715173193
20131219,99.55328872784443
20131220,88.48944575893832
20131223,75.14235113611869
20131224,72.90752423514041
20131226,76.399492561693
20131227,82.87887643537296
20131230,77.81720802283844
20131231,84.8924919859952
20140102,66.88198898257829
20140103,63.443637568866365
20140106,57.85635446666876
20140107,58.178990697010974
20140108,58.704892354317465
20140109,58.56093798209445
20140110,65.85662075796849
20140113,76.64061329882594
20140114,70.33037675059654
20140115,62.41775897536336
20140116,72.09602868756382
20140117,83.68688525890984
20140121,77.09251293197164
20140122,87.2660253006245
20140123,90.11125867468166
20140124,72.70785133967509
20140127,75.6259139594534
20140128,71.58007616363122
20140129,76.19287924115756
20140130,109.54946017821732
20140131,112.47492517657815
20140203,89.03494122277607
20140204,100.79535552771627
20140205,105.24352343542999
20140206,134.931652972595
20140207,124.29909047615696
20140210,123.158067778991
20140211,124.22834406392056
20140212,136.50453395630402
20140213,121.63096829776194
20140214,104.33961464891922
20140218,112.2568794456806
20140219,106.10612490217743
20140220,104.76991865004531
20140221,111.52624044037195
20140224,105.82875093576044
20140225,98.4568513469327
20140226,91.43879275393364
20140227,84.37471055260181
20140228,80.6042775616011
20140303,75.213261914434
20140304,84.39397769089534
20140305,82.14894850669344
20140306,76.89873835825871
20140307,74.81048587935001
20140310,70.64090762392057
20140311,63.46378754819395
20140312,66.22602361122642
20140313,70.66945426229051
20140314,62.15786477740608
20140317,59.52229482674157
20140318,62.296032161297646
20140319,59.529333727616866
20140320,61.92495020941097
20140321,64.57632325314654
20140324,68.13331674631266
20140325,71.31210573649683
20140326,53.82527314114215
20140327,48.26647216381385
20140328,54.01996055101478
20140331,60.76738971926242
20140401,58.47095517968298
20140402,58.25483161896408
20140403,57.906206500136655
20140404,56.827021817103365
20140407,68.99984984542019
20140408,69.24911970688063
20140409,61.13496058125548
20140410,54.698874378128394
20140411,64.92708377599163
20140414,62.59988986907854
20140415,70.01151561080158
20140416,64.74498850191537
20140417,64.25608639866661
20140421,58.95885898967261
20140422,57.7231963600329
20140423,57.83459903277316
20140424,60.01072568212199
20140425,70.6678834496313
20140428,78.3958161930822
20140429,68.1929057936106
20140430,68.88305348117237
20140501,69.70245712654196
20140502,67.73359225788921
20140505,81.93835173701706
20140506,81.05281594076628
20140507,106.26851604869782
20140508,90.93920502875747
20140509,85.39270131370391
20140512,78.53736115991809
20140513,78.17697799043277
20140514,75.13382672400594
20140515,86.01983907202965
20140516,92.02812907327672
20140519,91.24219017515215
20140520,87.57691485655641
20140521,80.83928232498037
20140522,76.90401991422453
20140523,74.44902631971323
20140527,75.92742184482753
20140528,72.72318857980035
20140529,73.61691285736683
20140530,64.72194612521426
20140602,62.522379100223816
20140603,61.04709685845204
20140604,72.48457868546532
20140605,69.32306053667652
20140606,64.80966792443552
20140609,62.8294273571819
20140610,66.47168318807503
20140611,71.00713765982907
20140612,68.01207100700071
20140613,78.22869564123212
20140616,77.43486445795
20140617,73.63590695880328
20140618,74.20695537624104
20140619,75.4408333403802
20140620,75.19955519304956
20140623,72.17235105971402
20140624,72.28904693249766
20140625,79.51129433077735
20140626,76.98391573032208
20140627,67.81226079653612
20140630,76.17655705755266
20140701,69.8668898259065
20140702,69.7959885399754
20140703,71.61860954946073
20140707,72.53465862689842
20140708,68.21346828903128
20140709,78.34782667919976
20140710,72.81408602532584
20140711,63.77176936034417
20140714,68.53177596824524
20140715,63.457057269263245
20140716,90.77083930017523
20140717,81.19063610018384
20140718,75.87045558891222
20140721,81.36347757314529
20140722,105.96618703970331
20140723,106.97165108746492
20140724,113.89114735337307
20140725,92.85834655962007
20140728,92.75853772549887
20140729,92.86840185269682
20140730,103.36573726830306
20140731,89.88468869704569
20140801,94.68934495419634
20140804,92.65742364844499
20140805,76.39215164628277
20140806,111.48380784591188
20140807,83.7233506368337
20140808,88.8825752637207
20140811,85.7976289692729
20140812,79.10448029448352
20140813,81.43504610107297
20140814,85.75308739418324
20140815,86.85995070552181
20140818,86.76516565632478
20140819,87.85189504699201
20140820,92.9423634326433
20140821,92.56022407008093
20140822,84.78972333621331
20140825,78.60152827220652
20140826,76.8098244646877
20140827,71.91181632794449
20140828,71.1374087395352
20140829,79.83798746276959
20140902,63.07534068601921
20140903,57.22993449547013
20140904,56.86376031588371
20140905,64.4658584314458
20140908,66.91415549406773
20140909,72.12082152890777
20140910,61.852424461459684
20140911,55.93999788261773
20140912,55.90068316931082
20140915,54.19269073044156
20140916,51.33815600710615
20140917,52.81852684953347
20140918,56.51468366002965
20140919,55.66575852727846
20140922,60.5160142702341
20140923,59.70261656778342
20140924,63.158043633641356
20140925,60.49481400107182
20140926,83.33545778440529
20140929,72.08176184256966
20140930,69.90513435641192
20141001,65.20349693553982
20141002,69.7665842839996
20141003,70.47938023454142
20141006,66.29174920120931
20141007,71.08818614982263
20141008,73.77660465621524
20141009,76.33204679784635
20141010,88.76345610979847
20141013,85.87637921941365
20141014,94.27537045580331
20141015,78.98462715657038
20141016,87.50295980669563
20141017,79.59348470734933
20141020,85.17433444808995
20141021,81.5476008738802
20141022,75.52372739333201
20141023,87.0598158890329
20141024,103.22477506139458
20141027,118.32719985797358
20141028,109.47771982544263
20141029,103.58760859420616
20141030,94.72700376354334
20141031,97.0190270664425
20141103,90.66701593346252
20141104,107.40787274638123
20141105,111.53375213520435
20141106,103.43973138639905
20141107,112.52609831643775
20141110,107.18748101279064
20141111,94.08176196609392
20141112,96.10641854654406
20141113,94.39595902417466
20141114,92.21767016448273
20141117,94.41345861609292
20141118,103.38548135959199
20141119,100.08512989215393
20141120,101.43030704939629
20141121,106.76425304861036
20141124,103.95228636488287
20141125,106.46127044696121
20141126,96.62204665369332
20141128,121.61143696549942
20141201,98.12140991705964
20141202,100.16586099169577
20141203,96.35554804918712
20141204,83.03756788286869
20141205,79.94721028110922
20141208,88.41085069417383
20141209,98.71524742026438
20141210,103.02812669225315
20141211,118.3870609314747
20141212,145.6608024744604
20141215,131.2146289915917
20141216,126.56592765372284
20141217,111.5883014830903
20141218,111.34420134471891
20141219,103.00245744261898
20141222,105.33542370638315
20141223,121.6103749421254
20141224,107.0255725269224
20141226,93.24118008098093
20141229,87.25605603960426
20141230,78.53486796737192
20141231,77.91377865013945
20150102,68.57570126630188
20150105,63.25408758764218
20150106,66.69524358339983
20150107,82.5961767127668
20150108,85.04754304396812
20150109,75.94379025616911
20150112,75.19573441902114
20150113,72.94981656493994
20150114,82.60662771536508
20150115,91.16428372904294
20150116,95.4136004416618
20150120,103.87305695736471
20150121,102.88791649822184
20150122,114.4468762078454
20150123,105.04218951180893
20150126,97.62095702235355
20150127,111.49367603900274
20150128,109.09622793070592
20150129,138.8173421343467
20150130,119.16922290754631
20150202,105.74077967713852
20150203,93.30468696871479
20150204,111.82728699202845
20150205,113.9489482728868
20150206,112.32071728898107
20150209,104.75980513722536
20150210,109.085337193993
20150211,127.32419660379801
20150212,170.60160214324802
20150213,171.09407156310237
20150217,143.24570450469582
20150218,122.9615481343598
20150219,149.5306015056475
20150220,134.17361451250653
20150223,124.48753509386634
20150224,113.33335307584557
20150225,106.110424845241
20150226,101.88124866268156
20150227,99.08894845256157
20150302,102.88348342571942
20150303,100.49306766654026
20150304,102.42801925062956
20150305,83.14094905011738
20150306,79.78458734025811
20150309,82.94113839168278
20150310,82.21152408010157
20150311,74.30159634666617
20150312,82.18701219615771
20150313,86.43077003261946
20150316,90.0979743267248
20150317,89.13118963996351
20150318,86.25964748856414
20150319,90.33029347227196
20150320,78.16838769658193
20150323,79.63950054593529
20150324,72.08852495386418
20150325,65.45007299006633
20150326,63.525741940323954
20150327,59.41531755358903
20150330,64.49971155559084
20150331,57.32965225890223
20150401,54.89441372452134
20150402,53.33643152870386
20150406,54.415507472928645
20150407,52.83582211393102
20150408,52.355699066288395
20150409,63.84475742968315
20150410,60.639605908060744
20150413,59.60713961353492
20150414,59.491232642466315
20150415,55.27765167374061
20150416,59.11522439543364
20150417,56.089759324874755
20150420,55.5263694600842
20150421,60.92333643843982
20150422,57.860704621390745
20150423,60.45794507475835
20150424,80.6686467835558
20150427,85.86089064302325
20150428,88.8969630705355
20150429,101.95158993159669
20150430,87.48523736839306
20150501,74.39584604998053
20150504,71.4389310068575
20150505,80.19526607114223
20150506,67.42901787905345
20150507,62.18032465395588
20150508,63.83348834308271
20150511,53.76790013922097
20150512,53.44426528085553
20150513,55.07197303213706
20150514,59.43421803812584
20150515,53.19327088452543
20150518,50.17357689295664
20150519,58.2031804346568
20150520,56.48049689042515
20150521,50.0639612335962
20150522,47.12514582654964
20150526,46.42609933498434
20150527,48.323624863674404
20150528,46.81359287677866
20150529,52.29178497614726
20150601,47.713925008569355
20150602,43.961168507417916
20150603,41.92736264178353
20150604,43.446535532198865
20150605,50.166251160211715
20150608,46.6781288902363
20150609,43.61452270272778
20150610,45.26837600514053
20150611,43.12904434706979
20150612,44.32579750747243
20150615,49.120949542031276
20150616,54.02124149929514
20150617,49.8250592319474
20150618,47.289841468171126
20150619,48.248403721522514
20150622,45.58376249710634
20150623,52.01929441880346
20150624,49.759130558854466
20150625,55.71442401753517
20150626,66.31499347762589
20150629,64.78594690583702
20150630,67.52392916221292
20150701,69.14544023499964
20150702,68.49676294988832
20150706,74.80316461394744
20150707,80.34026694106473
20150708,72.71845443312995
20150709,76.02923840268306
20150710,74.33432188042678
20150713,74.21982047205523
20150714,76.07460763449677
20150715,73.36924274615535
20150716,80.30720082239556
20150717,79.64218327956415
20150720,86.32305298165986
20150721,112.63254310068173
20150722,117.46308991295638
20150723,118.29255675963086
20150724,136.64328026000942
20150727,116.69301227795643
20150728,107.66008753088022
20150729,103.0208781731653
20150730,93.27138105553672
20150731,96.03510482264744
20150803,106.0176229951813
20150804,110.15863602127727
20150805,130.16338080705842
20150806,105.71176828304236
20150807,102.58124104479592
20150810,89.09668445594723
20150811,99.25543164743044
20150812,92.1198588704138
20150813,98.18856390044307
20150814,97.64133916021422
20150817,90.04439907080679
20150818,115.10476336634
20150819,117.60683666331462
20150820,123.70382714842242
20150821,108.2234212241046
20150824,110.19618207252131
20150825,96.80077855013188
20150826,90.30148509117849
20150827,74.2318857995367
20150828,72.97973430369571
20150831,68.38788283167017
20150901,66.48950526844098
20150902,66.74676615902537
20150903,65.66893647301565
20150904,62.289968393482894
20150908,55.60074581977904
20150909,56.1110587805029
20150910,52.60931929163245
20150911,51.9272442266419
20150914,49.76962140581754
20150915,53.10253818974508
20150916,51.85465629142535
20150917,52.19277910432636
20150918,52.890806669721954
20150921,55.21897900048642
20150922,58.112638782293644
20150923,59.7361105862141
20150924,60.12114121824885
20150925,110.75983240585484
20150928,102.7396540955546
20150929,83.18477199479713
20150930,98.86221111594101
20151001,98.97361753402286
20151002,111.16212433030633
20151005,98.19905117014898
20151006,107.04458838340707
20151007,104.44908112003678
20151008,120.54981415531307
20151009,97.59835707909015
20151012,88.94560329907803
20151013,83.89336679037731
20151014,114.29423714517635
20151015,113.07734399086205
20151016,119.40229252849664
20151019,114.66109680977398
20151020,120.36825943763846
20151021,137.93714694772223
20151022,211.06798226351367
20151023,188.90659135791253
20151026,185.25211007220986
20151027,148.47548645102412
20151028,176.65477844716514
20151029,153.99218806405747
20151030,136.4427848170904
20151102,130.97576512023514
20151103,125.19800661214184
20151104,132.44900990532898
20151105,127.14201239408415
20151106,132.46930916977544
20151109,125.29470967374769
20151110,118.23996291409159
20151111,127.92063865123032
20151112,122.81998028749969
20151113,131.87320369586917
20151116,118.33779496594832
20151117,108.68724781650064
20151118,107.5233094212805
20151119,123.19659610734054
20151120,106.8908574373319
20151123,116.8604312690934
20151124,105.20002976684091
20151125,89.22210202809899
20151127,89.86034747274654
20151130,87.25422732821127
20151201,78.19024451456711
20151202,73.82266797490392
20151203,74.91316208000661
20151204,91.26839736063913
20151207,90.71661529228331
20151208,88.9558469801396
20151209,135.93295960427173
20151210,114.48653833973015
20151211,102.52653478171369
20151214,90.0918065751648
20151215,77.4495574498562
20151216,79.00718743701908
20151217,73.5081170171609
20151218,65.37813605217974
20151221,79.30166820796295
20151222,74.5553158998331
20151223,88.0805947891527
20151224,84.09637806564369
20151228,77.18174781594523
20151229,79.8477269805352
20151230,76.23098776121027
20151231,73.29920376570227
20160104,72.8580438223695
20160105,76.74834669173102
20160106,73.44828545163537
20160107,64.97875977922236
20160108,64.30284177449809
20160111,63.597547943730575
20160112,60.47909227409225
20160113,48.34159869648263
20160114,51.37578652190413
20160115,55.07025891281679
20160119,61.982376036135186
20160120,62.835322710633314
20160121,65.31196216544367
20160122,80.73402849511099
20160125,78.96129802558569
20160126,98.30546270703415
20160127,118.80891296780621
20160128,125.35874831962171
20160129,146.69610037877203
20160201,138.98080770845215
20160202,150.27282717418174
20160203,164.81635181346252
20160204,159.78265894187302
20160205,165.05817479477042
20160208,165.16296408971743
20160209,143.65416426282343
20160210,129.1660825813369
20160211,119.24530938164114
20160212,132.36270058497018
20160216,122.25994983177871
20160217,111.76796345833876
20160218,118.60361633212689
20160219,119.65014403441494
20160222,104.8901816883248
20160223,99.99718682717597
20160224,100.94714209695593
20160225,113.56484851218094
20160226,105.22115635729305
20160229,88.79384248116631
20160301,83.65846919789398
20160302,82.68801993170575
20160303,72.61918109229285
20160304,70.23923251927752
20160307,61.90868145147936
20160308,68.79503889719737
20160309,61.296861824898386
20160310,57.83065616352349
20160311,57.81369493088226
20160314,58.27120883501063
20160315,62.40492878569758
20160316,69.40233316274558
20160317,69.38766863687873
20160318,64.56891465882723
20160321,67.38771968750488
20160322,69.33407847751138
20160323,59.5865836914637
20160324,59.29605023104529
20160328,60.955018220763165
20160329,58.71859374457402
20160330,56.30746413633639
20160331,60.01867396998719
20160401,61.72870008546956
20160404,64.42840610388308
20160405,59.251394818953294
20160406,56.392207316678494
20160407,58.96609448545455
20160408,55.08133712199884
20160411,59.09128248564568
20160412,55.097744737139465
20160413,49.751845736219714
20160414,52.124064913696394
20160415,53.24597628873683
20160418,56.41199883764003
20160419,57.04532092437606
20160420,67.70441345264365
20160421,77.90166040734248
20160422,70.42659548204094
20160425,72.5778090797047
20160426,75.71994498473944
20160427,74.64196339929667
20160428,78.40012974455689
20160429,68.09630156752893
20160502,67.18793881692008
20160503,70.20289247487601
20160504,72.99708222681484
20160505,76.22390857111272
20160506,81.97295748308744
20160509,79.93902924740479
20160510,74.30392304010411
20160511,64.31153425793492
20160512,59.5364422156237
20160513,58.07085301560677
20160516,59.2870915121639
20160517,56.030233147026884
20160518,60.71157572553011
20160519,61.69732857420044
20160520,57.423819332187755
20160523,60.746252456427
20160524,61.232982190499534
20160525,60.46416427076817
20160526,55.01104226910107
20160527,53.447321459924794
20160531,56.11274230745777
20160601,59.5946614337994
20160602,63.04574681435543
20160603,72.40637625723878
20160606,79.84219042681858
20160607,73.59428522906856
20160608,82.99184014897155
20160609,77.78543137735512
20160610,66.99587874198058
20160613,58.47742064634202
20160614,70.07190876431825
20160615,57.95020986926876
20160616,56.208425526791785
20160617,52.17331288311622
20160620,51.77309880513025
20160621,48.511615125528316
20160622,47.58015485845294
20160623,55.66257889060947
20160624,48.50135696244347
20160627,53.395868710503606
20160628,53.58605744283434
20160629,54.988597443791285
20160630,67.06216016873182
20160701,65.07958986921606
20160705,67.63861829200728
20160706,71.09344172593393
20160707,66.45818590725385
20160708,59.252158861541396
20160711,57.581600111995
20160712,57.0970601863277
20160713,54.31830626735368
20160714,58.0538274354565
20160715,54.18098863386732
20160718,53.149136600242244
20160719,58.686595277431
20160720,64.01137045453936
20160721,63.87588551523078
20160722,60.09148292047711
20160725,63.30564201544525
20160726,80.62259909342637
20160727,92.18434751304278
20160728,87.2357945267823
20160729,95.34452388216343
20160801,105.83269444981687
20160802,85.60212619295159
20160803,76.16570829812562
20160804,73.1966957346763
20160805,70.56293108728237
20160808,63.71944954144713
20160809,59.752539381156254
20160810,58.194504266003406
20160811,59.346280204197214
20160812,56.0478505350637
20160815,56.83767817184296
20160816,53.70408458783283
20160817,53.070426800435506
20160818,50.602510370001625
20160819,58.907954220300226
20160822,59.843431204593905
20160823,60.682381105928755
20160824,59.20760040093212
20160825,52.90103703165822
20160826,55.718517764036754
20160829,52.96115573112432
20160830,49.80362925880392
20160831,46.03834617347575
20160901,52.34211755016858
20160902,50.57592225260207
20160906,54.34451472759526
20160907,60.21894260974885
20160908,63.34852306632565
20160909,56.849465918302535
20160912,61.29270117219818
20160913,59.94102090902365
20160914,58.42913257616587
20160915,63.46648763960353
20160916,72.78187109126583
20160919,69.4277488089779
20160920,67.77565619126096
20160921,65.86896615667146
20160922,66.65639605906087
20160923,61.12696722455455
20160926,62.51385702994954
20160927,57.77063370105724
20160928,71.19167592451936
20160929,71.06745902393712
20160930,71.74340065181362
20161003,66.5264558387956
20161004,70.41002303113527
20161005,76.58515334206189
20161006,83.61145412651703
20161007,85.47634235516476
20161010,88.87472154844197
20161011,77.37242575611103
20161012,75.23028946565043
20161013,71.53397656263056
20161014,74.56391476797083
20161017,76.32060262797104
20161018,84.71770386124996
20161019,93.35564031693649
20161020,76.79305448152707
20161021,93.16502586046276
20161024,92.84382419987908
20161025,98.53333819803109
20161026,95.28636111489293
20161027,79.1582246340167
20161028,83.89915086412748
20161031,100.9949287109292
20161101,100.58870669960864
20161102,87.85333444087406
20161103,90.61874926784004
20161104,76.43720657830276
20161107,86.87200875496359
20161108,86.33853637769725
20161109,80.39012814837656
20161110,97.83944871039931
20161111,93.69166070417532
20161114,145.45315091279434
20161115,137.1378603824809
20161116,114.26923025578941
20161117,109.90469344266992
20161118,109.47562369334595
20161121,104.31912960765864
20161122,119.63137558664721
20161123,123.55374414740992
20161125,103.65076982657577
20161128,106.39480476262449
20161129,126.23344079537735
20161130,137.5261294700188
20161201,163.81133460820215
20161202,139.69307245562956
20161205,120.72536189904562
20161206,123.43694162266114
20161207,121.99265482624381
20161208,130.90454312166486
20161209,115.27380871596041
20161212,100.73901365849287
20161213,99.25004091582085
20161214,102.0365699453265
20161215,98.15364045765284
20161216,109.62817424843912
20161219,101.73493524958042
20161220,98.413190334744
20161221,96.03330375095621
20161222,94.3435585587852
20161223,91.12282819706532
20161227,86.673990935024
20161228,84.54957469204626
20161229,79.10103383692888
20161230,76.03592273714986
20170103,69.67955348652968
20170104,64.31291474800268
20170105,61.07045530946894
20170106,62.74815763823365
20170109,56.43679721844772
20170110,57.39820797643935
20170111,56.08519722314367
20170112,58.5858781455066
20170113,56.36373331066389
20170117,49.772289184766386
20170118,45.582473813442796
20170119,47.105312435053776
20170120,54.79198589430835
20170123,53.568341614785176
20170124,59.92237918686922
20170125,59.012234625490386
20170126,65.7198321971135
20170127,60.81252005604741
20170130,60.07464509100161
20170131,55.70165652695611
20170201,54.969759085015184
20170202,51.36621784056905
20170203,55.72279573468462
20170206,53.70898991060629
20170207,53.025771884512565
20170208,45.07348643570242
20170209,47.5585047051771
20170210,51.2284172826155
20170213,49.76783726289237
20170214,52.65583482128954
20170215,56.705522339954854
20170216,50.053718541866424
20170217,55.54376211551649
20170221,58.74843462950899
20170222,62.769014308155135
20170223,62.98849143335303
20170224,61.418534965911185
20170227,56.39592315163145
20170228,55.74681474651314
20170301,66.03135008729525
20170302,64.88358356792224
20170303,60.71965438118367
20170306,59.651213223059074
20170307,57.90889864609088
20170308,60.19397421984939
20170309,59.85227442592446
20170310,55.3276504885594
20170313,61.97394028779513
20170314,63.61858060240243
20170315,64.49601590408245
20170316,64.05605953040823
20170317,58.03492276918114
20170320,58.234153313742006
20170321,51.04839121481193
20170322,67.14471292642352
20170323,60.06974823175702
20170324,50.901476654594155
20170327,54.9193570873431
20170328,53.92916251265044
20170329,50.278235140384034
20170330,51.7486162645756
20170331,51.33835679461643
20170403,46.903858045041744
20170404,49.10721019522495
20170405,49.43971154968227
20170406,52.33108709279328
20170407,52.19082859510203
20170410,54.916208284689255
20170411,53.67603151936828
20170412,46.411294091861954
20170413,50.38002668991376
20170417,50.395678169673126
20170418,44.83429742188507
20170419,44.149127012036345
20170420,49.86527873905524
20170421,61.38419115738132
20170424,66.46286470424093
20170425,90.54044503482508
20170426,90.59649548070412
20170427,92.85123769944286
20170428,95.68180486039648
20170501,97.98512235152184
20170502,95.115346457491
20170503,92.53420749002899
20170504,92.94402169162613
20170505,91.47895222664131
20170508,96.39234001081644
20170509,101.3489888648759
20170510,100.08321884188784
20170511,93.48933562212952
20170512,97.75144423970444
20170515,109.0318322817822
20170516,120.0346883754549
20170517,104.71245334146131
20170518,103.75081062070343
20170519,102.27287990287272
20170522,94.42156986257021
20170523,92.54435132559016
20170524,96.53007560740576
20170525,94.47730793808178
20170526,85.72197409275284
20170530,82.03090703201727
20170531,77.93345985589846
20170601,78.95409695525474
20170602,82.81409836039934
20170605,81.08256167335031
20170606,74.95251054193535
20170607,71.03329623558264
20170608,70.66565391129936
20170609,64.06401310054943
20170612,58.04337259926989
20170613,64.21393814648626
20170614,65.99448036778949
20170615,69.46110882222438
20170616,84.00044275738641
20170619,72.5991577720443
20170620,78.34329734395473
20170621,77.11464696954657
20170622,82.88438206116291
20170623,88.40146210890518
20170626,79.6572140266468
20170627,71.7971676787691
20170628,72.09962464788705
20170629,70.58890226759974
20170630,86.12142369689998
20170703,83.12790064338361
20170705,82.10816041713859
20170706,85.21872328300911
20170707,89.69350799178501
20170710,81.04896355649745
20170711,75.15718691013491
20170712,65.59100757019499
20170713,63.70680424979558
20170714,64.55026863432434
20170717,60.96729410146821
20170718,64.48394833022678
20170719,65.33877457127501
20170720,86.37883096597025
20170721,94.10192636490824
20170724,109.56480138207864
20170725,123.67610240118395
20170726,155.5784870213259
20170727,174.57953298892033
20170728,156.94219561594187
20170731,145.2637906769246
20170801,129.84267521541443
20170802,108.56255969629757
20170803,102.51953736056969
20170804,91.63892083396263
20170807,104.11858624059984
20170808,96.93946995657221
20170809,90.31176911939122
20170810,82.39989169082794
20170811,80.01693519733641
20170814,86.77703461921499
20170815,97.37093573079392
20170816,83.60069254415133
20170817,82.4705615567092
20170818,93.73428461231757
20170821,98.23524428865528
20170822,98.99635657500116
20170823,90.53116605676216
20170824,89.674272369488
20170825,83.82010209062706
20170828,89.23205276532612
20170829,87.53682203702552
20170830,87.03748712302185
20170831,87.42815708523115
20170901,93.86178330035584
20170905,131.62735465654185
20170906,128.55577956711957
20170907,161.46710524602508
20170908,148.6102200454204
20170911,133.8332417413616
20170912,141.75890217274832
20170913,136.0857804056946
20170914,131.8447167355832
20170915,118.323748282794
20170918,120.85027206686549
20170919,114.11657435256843
20170920,106.84840767396969
20170921,108.174259950542
20170922,108.59117833260395
20170925,107.0646887829966
20170926,100.42186895452649
20170927,87.9236585424137
20170928,93.63232311455226
20170929,96.61497366488254
20171002,91.47429265124241
20171003,92.34061059219644
20171004,89.02829735156271
20171005,88.43761418611868
20171006,84.65042743699794
20171009,85.92901195042236
20171010,84.00416246976978
20171011,88.28492129982624
20171012,85.51354598669718
20171013,84.82932480454238
20171016,71.59787900228886
20171017,69.96874497837587
20171018,69.2952890803044
20171019,79.33461596489062
20171020,97.42276699118037
20171023,112.22835757274977
20171024,124.9619347372991
20171025,133.34122043348924
20171026,111.74898426525992
20171027,143.67678060147136
20171030,146.2826862940486
20171031,128.1801858306458
20171101,131.8015889403313
20171102,136.27646726383176
20171103,117.58953995950316
20171106,118.54625932248413
20171107,114.2243702720739
20171108,106.54765774247043
20171109,106.40745687051742
20171110,114.45433624779528
20171113,106.4555296442471
20171114,106.00795702356258
20171115,94.16968615191018
20171116,141.26223661839492
20171117,128.91648791085385
20171120,130.9331624993664
20171121,118.67856070939564
20171122,103.43098471379685
20171124,99.7336575381896
20171127,99.91046337648744
20171128,96.84861769567252
20171129,113.06275224055142
20171130,104.84288929281172
20171201,101.12423787841402
20171204,114.56550203003206
20171205,97.14995999935472
20171206,85.7045602818639
20171207,87.04726547795471
20171208,88.31999221151243
20171211,87.6118437990629
20171212,88.0732573914695
20171213,101.75084422014156
20171214,99.85778075012614
20171215,93.42036886807743
20171218,90.29691362136325
20171219,94.12086956068615
20171220,97.3981833835905
20171221,97.89687195202616
20171222,92.33932016996229
20171226,99.77024127089693
20171227,93.69605786349102
20171228,87.85868496275499
20171229,84.5331734904551
20180102,87.9971647226017
20180103,86.36663720598696
20180104,83.11126941603895
20180105,99.29990634063878
20180108,117.3470410888528
20180109,128.42982999356718
20180110,130.32300648880613
20180111,145.88542698114915
20180112,166.85982818860873
20180116,149.94599183884225
20180117,179.19366611545058
20180118,148.4796844601414
20180119,140.53181366791335
20180122,130.54471626343377
20180123,150.9640851532269
20180124,146.19071886347604
20180125,149.89853724213503
20180126,138.74042258607486
20180129,138.13148052545677
20180130,131.76989575571216
20180131,186.2655508654672
20180201,179.4225544045396
20180202,176.07597153353072
20180205,139.77068070964305
20180206,123.32641616255043
20180207,142.5127202371965
20180208,116.76579105808214
20180209,111.6448852868282
20180212,109.92704594614443
20180213,109.13081130699922
20180214,126.65974980202914
20180215,135.09173891213746
20180216,124.52656795359364
20180220,124.98538762172858
20180221,125.63671956051284
20180222,116.69725650580546
20180223,110.24891943789248
20180226,127.16313560564079
20180227,133.52157868059658
20180228,149.2138620568779
20180301,127.11485533728596
20180302,135.48015754778808
20180305,126.68248647208642
20180306,117.07740664599743
20180307,117.8121804990414
20180308,115.73193621033758
20180309,119.0412229057888
20180312,110.49490006115515
20180313,97.27659500151931
20180314,96.4761497405249
20180315,96.16248362858394
20180316,88.68343060451812
20180319,85.55730847064935
20180320,90.04514128107134
20180321,85.24942165845619
20180322,73.42191700580888
20180323,71.05154686168926
20180326,86.70059558465961
20180327,76.57866258869448
20180328,66.29607399023824
20180329,71.40341068066401
20180402,67.75063646624837
20180403,73.81683904663575
20180404,73.54022519046039
20180405,70.92659567532127
20180406,67.3644854386601
20180409,74.2288155150232
20180410,72.53754451435182
20180411,69.46662563887129
20180412,77.56369745760382
20180413,71.62451327353122
20180416,73.16399922182818
20180417,85.34687349115977
20180418,95.3510128030743
20180419,105.31297930641924
20180420,106.76363656577415
20180423,115.41645728711931
20180424,142.74279295480468
20180425,128.67622176449376
20180426,151.5178709025241
20180427,169.34462082107999
20180430,144.55417836429433
20180501,136.97827131890259
20180502,137.59560300933072
20180503,122.69249973000451
20180504,107.73422705404549
20180507,103.64608975253194
20180508,104.97799230968323
20180509,110.46910717487715
20180510,103.4606016017428
20180511,104.31087532894621
20180514,99.18444119386463
20180515,94.61815413740447
20180516,101.04085276645544
20180517,92.42205276672705
20180518,92.73557288904018
20180521,94.31502906060379
20180522,92.9708185719638
20180523,90.37260621396746
20180524,85.74507259309719
20180525,86.85154691040277
20180529,93.52299104495192
20180530,86.17441343956068
20180531,85.74698646479655
20180601,85.68544857477319
20180604,89.06127679542898
20180605,89.73063407111782
20180606,89.27638047721405
20180607,82.13839876678756
20180608,82.82671344466772
20180611,93.55343660090277
20180612,95.14543250838275
20180613,83.68538282672725
20180614,89.95287632416441
20180615,84.37092126768351
20180618,92.53728785537595
20180619,82.92832775190249
20180620,88.4277314908157
20180621,91.17917444580401
20180622,88.15391466027498
20180625,87.55174408481302
20180626,91.7786951466345
20180627,95.90178111854765
20180628,91.85953441176059
20180629,115.96824400325251
20180702,99.65395867674157
20180703,92.465879593561
20180705,87.26842893567115
20180706,80.1972092418198
20180709,69.83439514206879
20180710,73.73905241978981
20180711,78.51674974531103
20180712,79.4422173715799
20180713,89.60617785922861
20180716,70.91036802406778
20180717,71.58042220554763
20180718,71.06033037749347
20180719,76.41526952739733
20180720,81.06891974698634
20180723,83.61291246908986
20180724,87.0140550346345
20180725,94.88921008879491
20180726,87.73555983007691
20180727,92.37597736336218
20180730,81.64065143338298
20180731,92.42679060048286
20180801,103.46858920845925
20180802,110.06433415470768
20180803,109.98147364485592
20180806,114.16725854497066
20180807,103.71679710024412
20180808,102.66023711951206
20180809,105.23145502667542
20180810,111.24924035769943
20180813,106.02197868847942
20180814,113.24337474114498
20180815,101.65895509023471
20180816,108.89797337123736
20180817,110.99806731386288
20180820,112.79151815159297
20180821,96.58261753917229
20180822,93.982230020197
20180823,94.69352994730244
20180824,88.0176764423745
20180827,80.94122576585316
20180828,85.44346339181409
20180829,94.50121327079626
20180830,99.17870155242778
20180831,104.82252036418801
20180904,90.55146686873093
20180905,79.67099872692752
20180906,74.92726563899784
20180907,78.37009422309545
20180910,87.89722268365216
20180911,114.04616437991626
20180912,107.19789169475693
20180913,107.04262288298048
20180914,107.4702068617322
20180917,95.88079465447107
20180918,104.2394627091934
20180919,87.31795461059662
20180920,83.08387603983998
20180921,85.92376179699271
20180924,85.19017026999721
20180925,87.27873656305398
20180926,89.93795832020372
20180927,97.96425908144657
20180928,98.60699825378457
20181001,108.03834552579693
20181002,106.99081309124139
20181003,112.84210597932943
20181004,102.5004415846402
20181005,104.06335456878368
20181008,105.85507324660924
20181009,123.80373615224356
20181010,106.70941879838571
20181011,82.28668941367178
20181012,88.97800251730891
20181015,85.84724485065959
20181016,90.0555122800568
20181017,114.02615864561831
20181018,119.76869856752363
20181019,140.27948653162608
20181022,136.81011823133616
20181023,177.44392495487332
20181024,173.53802370780926
20181025,161.35069648738693
20181026,153.46872558988912
20181029,152.61982653152612
20181030,188.58494243196583
20181031,157.82684271744512
20181101,131.96722111234172
20181102,116.21884302551105
20181105,117.57265959665823
20181106,115.96771482258863
20181107,104.27101700984858
20181108,103.55377036268145
20181109,112.81548914607441
20181112,134.26590286472117
20181113,135.15180518890648
20181114,126.46936775052458
20181115,139.11116268794805
20181116,139.23322991654734
20181119,165.48617582150743
20181120,152.29718539185302
20181121,134.43310462711935
20181123,138.63400968542524
20181126,148.69916240542284
20181127,154.56885330451587
20181128,141.8046853997124
20181129,149.65340400360543
20181130,140.657433422596
20181203,125.40886652925795
20181204,113.20909080264352
20181206,112.74069664863504
20181207,98.18923042677989
20181210,99.8864857475742
20181211,102.48666332650629
20181212,101.74743835887544
20181213,113.5316674311171
20181214,140.53960688152478
20181217,124.32150265121773
20181218,101.71366356873637
20181219,110.70709461078845
20181220,105.57130558467472
20181221,96.89968816945073
20181224,91.0456318013085
20181226,96.17035324072808
20181227,111.78680399550235
20181228,106.88492656346381
20181231,104.75284921187202
20190102,102.4525102745342
20190103,108.66625590891192
20190104,113.29056955734717
20190107,116.91048287219273
20190108,107.2325962113534
20190109,102.8755971351047
20190110,98.57255156231079
20190111,94.55973696104515
20190114,86.0498796447269
20190115,81.91658028540776
20190116,89.04310820240767
20190117,93.13030228231308
20190118,94.39206868778759
20190122,105.94451343001371
20190123,108.90543296578952
20190124,107.71538560340488
20190125,103.90311950917307
20190128,111.66436901395029
20190129,106.8158395291956
20190130,110.48957427850651
20190131,121.48051679153286
20190201,123.29353455185232
20190204,132.80266519981086
20190205,142.02793503453262
20190206,149.887235887899
20190207,131.90422761033685
20190208,123.85337885443528
20190211,120.80524556031062
20190212,131.37813090956735
20190213,134.36274845084222
20190214,111.25811292063685
20190215,110.92051873403317
20190219,104.6393373717317
20190220,102.45507036484543
20190221,97.98648611107173
20190222,110.55050240891718
20190225,107.81670679766636
20190226,114.23119186851278
20190227,141.38880597064036
20190228,154.63866792532826
20190301,145.7045600195885
20190304,136.27475639151044
20190305,113.72489870424499
20190306,104.12027266661283
20190307,106.15267207480076
20190308,103.73526260720828
20190311,92.37912713948887
20190312,88.75109845788806
20190313,92.54110792495895
20190314,116.29426900873092
20190315,118.44329653596789
20190318,114.13540628130517
20190319,95.80226565874888
20190320,92.10209628996138
20190321,114.03357380556272
20190322,110.85442655746374
20190325,111.77682588173923
20190326,111.78526889511733
20190327,111.42566692604107
20190328,98.77191629167014
20190329,92.9531352720338
20190401,93.59792540475729
20190402,255.0761722326406
20190403,234.82661614393345
20190404,215.91475696535213
20190405,198.9864117138777
20190408,191.0103602280067
20190409,166.495781291021
20190410,160.60049382956754
20190411,164.30265932360953
20190412,254.23505757171156
20190415,223.97498729564168
20190416,225.181093878457
20190417,274.42800601162554
20190418,231.60272852623046
20190422,219.88003417069007
20190423,206.1396732702356
20190424,191.3827919646252
20190425,243.1231858935729
20190426,245.81947181129283
20190429,233.41448630133985
20190430,211.49053669439786
20190501,201.8167313406398
20190502,176.68822859119746
20190503,177.63981899791747
20190506,174.23844476429107
20190507,162.1185475458771
20190508,160.16798624163715
20190509,160.11864075668154
20190510,168.25185265799584
20190513,163.61899229526043
20190514,162.5155066657553
20190515,165.11655659759438
20190516,172.84523130664786
20190517,168.42037507764513
20190520,178.21471543017796
20190521,159.62885032380643
20190522,153.6063763344488
20190523,137.30077651568865
20190524,133.36802060266442
20190528,131.4329377714492
20190529,132.94773097628007
20190530,136.24994380703927
20190531,142.54518120077267
20190603,117.5030316914068
20190604,105.67148322254648
20190605,111.91985885286341
20190606,108.75343029169537
20190607,115.49360971714191
20190610,124.91968876558079
20190611,115.0663091343878
20190612,110.03258004285118
20190613,109.87531997595629
20190614,110.09242397963871
20190617,113.99912885898298
20190618,104.53928539199707
20190619,113.04924253389757
20190620,112.213105060707
20190621,106.5524611694718
20190624,105.67519210907764
20190625,98.37505579054036
20190626,91.65491086370415
20190627,87.36050947610681
20190628,82.65663685479338
20190701,89.31303859079145
20190702,83.16358853305849
20190703,84.14778106831584
20190705,78.03888785937511
20190708,85.89410722302274
20190709,91.72416559755436
20190710,88.16294787091181
20190711,99.56985286060323
20190712,108.20710295596552
20190715,104.99758195140731
20190716,96.44735907492121
20190717,91.81346906192228
20190718,85.66855806807371
20190719,79.8891122189288
20190722,89.26834431586674
20190723,93.72870454176396
20190724,104.65960853099408
20190725,98.3996854884893
20190726,102.24766641646515
20190729,99.64988342796144
20190730,114.16688014366869
20190731,93.28402775361471
20190801,97.69330697268957
20190802,92.78925387358456
20190805,76.06013568399992
20190806,81.02661744108853
20190807,96.95999662004921
20190808,100.20348750152486
20190809,100.84088828244049
20190812,97.20821213159948
20190813,101.04027584396455
20190814,98.35521638982
20190815,132.24517108742492
20190816,127.68755594740578
20190819,117.33314196736559
20190820,126.76952539198341
20190821,123.93562763908304
20190822,134.06153954221165
20190823,133.45000420541766
20190826,132.49008416301623
20190827,143.61691257505416
20190828,136.52989234344506
20190829,138.0835785484985
20190830,133.30611051319084
20190903,122.79034839383921
20190904,132.70053636851378
20190905,122.81345281063965
20190906,126.27639965498821
20190909,133.67010242415228
20190910,137.0216260863859
20190911,155.1143645298439
20190912,140.74746969408267
20190913,136.90154526250186
20190916,116.85629820327631
20190917,114.97683548882245
20190918,126.157105514871
20190919,119.61189744726136
20190920,107.2776671555822
20190923,110.39481033652659
20190924,110.18919814801716
20190925,121.7193457182982
20190926,136.93176724060382
20190927,135.05098066808173
20190930,147.97798997565823
20191001,131.59087974450023
20191002,122.04681193270883
20191003,116.3370306444166
20191004,120.780836481145
20191007,115.32253495317234
20191008,112.3280619215622
20191009,103.59200592890998
20191010,109.74157937788851
20191011,117.04207237558563
20191014,115.17305161247762
20191015,107.84431786868376
20191016,105.63483818705963
20191017,110.30051567155789
20191018,127.75813516559546
20191021,157.65401418270304
20191022,188.61517474585887
20191023,155.24671116987258
20191024,150.03917332811784
20191025,164.07081673487056
20191028,165.01644617041148
20191029,143.67314778704323
20191030,138.91062664984236
20191031,128.35656002598176
20191101,139.2886787326724
20191104,133.69670747387664
20191105,117.18205072645071
20191106,110.97235452508622
20191107,102.20763466752159
20191108,102.91986754332639
20191111,99.36612581997757
20191112,92.84406640793169
20191113,98.69024942728018
20191114,105.0603947475383
20191115,105.59293213493048
20191118,111.39225983698721
20191119,120.32042947250359
20191120,120.75389946333799
20191121,125.41284685433064
20191122,125.66055585608026
20191125,123.1011092634665
20191126,119.91523973732254
20191127,109.29412601072771
20191129,112.2962791310231
20191202,119.27379222330336
20191203,117.0431860068288
20191204,122.29965604353323
20191205,136.590617443697
20191206,129.95451501803802
20191209,113.38543976309505
20191210,111.20545538765064
20191211,118.41110064621391
20191212,125.89962433868178
20191213,117.23785103412277
20191216,132.59545918274392
20191217,127.750616505676
20191218,122.83020515168622
20191219,111.39188793486628
20191220,105.79761177025854
20191223,102.12922004887972
20191224,99.45561797510656
20191226,105.1544535289138
20191227,105.20872227101047
20191230,108.68025076785645
20191231,105.56864456949071
20200102,109.42697956126992
20200103,100.33446860580082
20200106,96.38156059179607
20200107,90.95751523175905
20200108,96.24630174523209
20200109,93.7340218830873
20200110,97.79547684837286
20200113,105.18810973643845
20200114,100.28866824767513
20200115,103.02812553664155
20200116,101.81378723949928
20200117,113.56223557553362
20200121,127.243408213064
20200122,132.69422753601515
20200123,128.7385760985779
20200124,155.95331224058447
20200127,131.92036363152957
20200128,142.14380563680626
20200129,145.4844600726378
20200130,142.90304815862015
20200131,130.89125138366074
20200203,133.72922478129558
20200204,148.3173145548386
20200205,149.24346387233447
20200206,169.41891716527647
20200207,164.50533473066463
20200210,182.92186185626514
20200211,139.2928703099455
20200212,121.45143420249748
20200213,117.51827218075316
20200214,118.44938910991732
20200218,135.96297287744832
20200219,126.92413714936244
20200220,106.4732070532433
20200221,95.85040492560259
20200224,78.13849790122512
20200225,97.77846256547922
20200226,112.83756036332736
20200227,91.58134865533657
20200228,108.0494895672784
20200302,123.2324917158247
20200303,101.5975126383187
20200304,127.96096372471493
20200305,159.67546259333486
20200306,159.6034534139273
20200309,224.61546697158073
20200310,206.3624743164221
20200311,222.17006773651826
20200312,220.68238866790142
20200313,256.3963938239226
20200316,278.5120105145402
20200317,315.7960510754494
20200318,444.96806306968665
20200319,372.7618237791618
20200320,338.53423431259534
20200323,298.3314301421018
20200324,264.2572377367132
20200325,161.39174166932474
20200326,131.54435585873188
20200327,150.60319983388274
20200330,178.40370721808787
20200331,177.832678817098
20200401,185.09119729794486
20200402,198.7856934082409
20200403,222.98896841510282
20200406,249.6284779833075
20200407,219.32048889681363
20200408,231.01478881928463
20200409,203.12642049182028
20200413,194.90844637603558
20200414,234.64989609236218
20200415,251.98445282645562
20200416,336.0708317060167
20200417,259.2107223517819
20200420,252.1419640040736
20200421,209.39199533094774
20200422,226.55868229235162
20200423,200.90925885064166
20200424,200.5755229566988
20200427,182.90190829032213
20200428,156.89701563142225
20200429,154.75264562640666
20200430,152.51595262294038
20200501,136.72746718314986
20200504,151.46535794699975
20200505,157.54819198544473
20200506,165.71905061506598
20200507,162.53681698210013
20200508,152.9817538834517
20200511,168.79279551820258
20200512,153.20988397411782
